year,uuid,export_vintage
1988,617259fd-3b5e-4ed1-822e-7f4725e832a0,2026-04-16
1989,9966ed10-6054-4b39-908a-c9e1a8e2993d,2026-04-16
1990,ecffbdc3-096e-4b5d-b439-7fe72a3f87b8,2026-04-16
1991,dd4101df-f426-4300-9e11-5603dfebe582,2026-04-16
1992,ffc15235-51db-4ab5-8dc5-0c9c6a39329b,2026-04-16
1993,37793b34-1d3c-4fd3-8195-b1f07e27076c,2026-04-16
1994,6ee5490a-12fa-4819-aaea-c5bc1301555b,2026-04-16
1995,40ae187d-5e8b-412d-b9ba-58d62331009b,2026-03-12
1996,b9b96b9b-cb5a-49bb-9b38-1f0057eaeede,2026-04-16
1997,5d801fe0-0552-4355-bc12-e2f6f3ee10c4,2026-04-16
1998,049d46f4-bc16-41c3-ba7a-919f31c551b0,2026-04-16
1999,4b107f62-f130-4257-93dd-b59569e3a257,2026-03-12
2000,6a98541f-68e8-4a2e-b189-7788c64f9c69,2026-04-16
2001,096f01b6-079e-4025-af15-bc4c8a99dd65,2026-04-16
2002,bf749459-524b-484c-aae9-113985b88577,2026-04-16
2003,cf708c37-581b-486f-9e3f-a7e4b0b03bc1,2026-04-16
2004,aad07743-9f1b-4a90-8cba-0da902148518,2026-04-16
2005,f8c67636-8a24-4689-83cc-c205439c61ba,2026-04-16
2006,46fc04cc-4759-4774-a7cc-5ad8945baef8,2026-03-12
2007,70264a77-56e2-4496-8873-85e10b1baa72,2026-04-16
2008,6e028f24-6798-4fd3-9709-96a1c44acb5a,2026-04-16
2009,d86beab5-9bf9-46cd-b9cf-4570c4489426,2026-04-16
2010,a842d9ca-2f1d-4471-a0ec-9ab108246fcc,2026-04-16
2011,8572f1c4-bdb0-4e86-96d3-1b52ded4e1c2,2026-04-16
2012,8b341f42-7b6e-440a-a88c-85b5a99345ed,2026-04-16
2013,c9651361-dbd7-406f-b233-a231bea7fc77,2026-04-16
2014,2db80c97-09a0-46bf-a7a2-6f168d4b927e,2026-04-16
2015,fb65f8a2-5c16-466a-98fb-28d3859e4422,2026-04-16
2016,0e227d0b-c4e4-4043-acfb-171c5b8bf7c8,2026-04-16
2017,82ee4dff-df17-4a8d-ac99-e52a835691d6,2026-04-16
2018,f1a8b9bf-04ce-4358-ac75-c4fce3918633,2026-04-16
2019,3148b11a-8867-4655-bf18-fa854d77062a,2026-04-16
2020,3f9dadba-a72b-4b73-ac03-c0178a973d52,2026-04-16
2021,c61f0242-aa99-4f0a-909c-1aef24813b77,2026-04-16
2022,984ca3ad-acde-4d40-a9d9-90ad6a575bdb,2026-04-16
2023,bc2d18f7-a1da-498a-b752-ec1a18fbbdb8,2026-04-16
2024,47f29e9f-b69c-4b37-972b-e0e689e88d24,2026-04-16
