year,uuid,bytes,md5
2000,6a98541f-68e8-4a2e-b189-7788c64f9c69,211223894,b5178615c4a158cd5d81021c36941128
2001,096f01b6-079e-4025-af15-bc4c8a99dd65,210138873,830d06f11b203959de58dfdb08e416ce
2002,bf749459-524b-484c-aae9-113985b88577,209647089,a01ee1e9e6620998df7228d36bf4585d
2003,cf708c37-581b-486f-9e3f-a7e4b0b03bc1,209762713,7ea112d2992dc3d89d39f94c3c1501a0
2004,aad07743-9f1b-4a90-8cba-0da902148518,209743599,946f41104fd827eecb02de0cafc3309d
2005,f8c67636-8a24-4689-83cc-c205439c61ba,209967228,d88e1815c806676e3bdd5ddbddc57bb6
2006,46fc04cc-4759-4774-a7cc-5ad8945baef8,214339159,a0ad615bbf0b61c4a9a4339b5f01f250
2007,70264a77-56e2-4496-8873-85e10b1baa72,210740665,1df358da21941c43626db31321bf1651
2008,6e028f24-6798-4fd3-9709-96a1c44acb5a,211045923,694fa71097d2daca043531009df072bb
2009,d86beab5-9bf9-46cd-b9cf-4570c4489426,211037124,7d9168d6b75219e6ebd562aaf97da9f4
2010,a842d9ca-2f1d-4471-a0ec-9ab108246fcc,211311707,87eb90f493b1c5ceea99c07bebd10441
2011,8572f1c4-bdb0-4e86-96d3-1b52ded4e1c2,211661972,acdeb6c1b7ca5f949c2966b5f5b83418
2012,8b341f42-7b6e-440a-a88c-85b5a99345ed,211178225,6bd78f6b5acf4e2768d79d2c09cbce59
2013,c9651361-dbd7-406f-b233-a231bea7fc77,211256632,2e748ee0c2ff984e8e98bc1df0ece385
2014,2db80c97-09a0-46bf-a7a2-6f168d4b927e,210713020,f52d1219ba1df9ba12ba262379a31124
2015,fb65f8a2-5c16-466a-98fb-28d3859e4422,210502496,202dc1b899ea30352dc698841f0f1699
2016,0e227d0b-c4e4-4043-acfb-171c5b8bf7c8,209552066,2567794e64b533dc22da9331a20e4ae9
2017,82ee4dff-df17-4a8d-ac99-e52a835691d6,208808642,dd8d0d94ffee3a9d7591af92eb10e7a4
2018,f1a8b9bf-04ce-4358-ac75-c4fce3918633,208065601,f729ef84d87db4a3957e7e829553bf01
2019,3148b11a-8867-4655-bf18-fa854d77062a,207805281,2b2de600e85ae0940604ca8ddbac3f96
2020,3f9dadba-a72b-4b73-ac03-c0178a973d52,207623089,7f95e0fc6487d4a1eb2d4b3daf799c7f
2021,c61f0242-aa99-4f0a-909c-1aef24813b77,207483990,79b8ceb53f955d62be906614ac7df57d
2022,984ca3ad-acde-4d40-a9d9-90ad6a575bdb,207949851,c09e6bcad3b06e7bb1d9f3c02a33e98a
2023,bc2d18f7-a1da-498a-b752-ec1a18fbbdb8,210427384,44cf5f5f5ed6881b9316451daefb3250
2024,47f29e9f-b69c-4b37-972b-e0e689e88d24,212410520,8302e5435d91ea58f1ba76cbf8bf31ba
